{
  "model_root": "/Users/aryank/models/qad_int8_v2",
  "mode": "int8",
  "decoder": "taehv",
  "seed": 1024,
  "prompt": "A fox runs through a misty pine forest, leaves kicking up behind it.",
  "shape": "480x832x81",
  "sink": 0,
  "windows": [
    0,
    4096,
    2048,
    1024
  ],
  "rows": [
    {
      "window": 0,
      "status": "ok",
      "mode": "int8",
      "decoder": "taehv",
      "seed": 1024,
      "prompt": "A fox runs through a misty pine forest, leaves kicking up behind it.",
      "height": 480,
      "width": 832,
      "num_frames": 81,
      "sink": 0,
      "denoise_s": 97.547379540978,
      "denoise_first_step_s": 34.90097616598359,
      "denoise_steady_step_s": 31.321244937513256,
      "decode_s": 1.9027170830231626,
      "load_s": 3.943897624994861,
      "peak_gib": 4.3303507193923,
      "ms_ssim_vs_full": 1.0,
      "speedup_vs_full": 1.0,
      "video_path": "fox_full_480x832x81.mp4",
      "wall_s": 103.62825508302194,
      "fastvideo_mlx_window_env": "0/unset"
    },
    {
      "window": 4096,
      "status": "ok",
      "mode": "int8",
      "decoder": "taehv",
      "seed": 1024,
      "prompt": "A fox runs through a misty pine forest, leaves kicking up behind it.",
      "height": 480,
      "width": 832,
      "num_frames": 81,
      "sink": 0,
      "denoise_s": 55.26801462500589,
      "denoise_first_step_s": 13.602455834014108,
      "denoise_steady_step_s": 20.831418395988294,
      "decode_s": 2.3988782079832163,
      "load_s": 0.7553237079991959,
      "peak_gib": 4.33034785836935,
      "ms_ssim_vs_full": 0.22702794568038281,
      "speedup_vs_full": 1.5035579595264186,
      "video_path": "fox_w4096_480x832x81.mp4",
      "wall_s": 58.46565354199265,
      "fastvideo_mlx_window_env": "4096"
    },
    {
      "window": 2048,
      "status": "ok",
      "mode": "int8",
      "decoder": "taehv",
      "seed": 1024,
      "prompt": "A fox runs through a misty pine forest, leaves kicking up behind it.",
      "height": 480,
      "width": 832,
      "num_frames": 81,
      "sink": 0,
      "denoise_s": 69.50255741600995,
      "denoise_first_step_s": 23.933829457993852,
      "denoise_steady_step_s": 22.77197172951128,
      "decode_s": 2.414017083996441,
      "load_s": 0.9148750840104185,
      "peak_gib": 4.33034785836935,
      "ms_ssim_vs_full": 0.21886918794961624,
      "speedup_vs_full": 1.3754296426129218,
      "video_path": "fox_w2048_480x832x81.mp4",
      "wall_s": 72.88741483300691,
      "fastvideo_mlx_window_env": "2048"
    },
    {
      "window": 1024,
      "status": "ok",
      "mode": "int8",
      "decoder": "taehv",
      "seed": 1024,
      "prompt": "A fox runs through a misty pine forest, leaves kicking up behind it.",
      "height": 480,
      "width": 832,
      "num_frames": 81,
      "sink": 0,
      "denoise_s": 65.02742316701915,
      "denoise_first_step_s": 21.30142658299883,
      "denoise_steady_step_s": 21.862133978997008,
      "decode_s": 2.423145041015232,
      "load_s": 0.9259225830028299,
      "peak_gib": 4.33034785836935,
      "ms_ssim_vs_full": 0.22175263512281723,
      "speedup_vs_full": 1.4326709811404337,
      "video_path": "fox_w1024_480x832x81.mp4",
      "wall_s": 68.4278900840145,
      "fastvideo_mlx_window_env": "1024"
    }
  ],
  "table": [
    {
      "window": 0,
      "s_per_step": 31.321244937513256,
      "speedup_vs_full": 1.0,
      "peak_gib": 4.3303507193923,
      "ms_ssim_vs_full": 1.0,
      "status": "ok"
    },
    {
      "window": 4096,
      "s_per_step": 20.831418395988294,
      "speedup_vs_full": 1.5035579595264186,
      "peak_gib": 4.33034785836935,
      "ms_ssim_vs_full": 0.22702794568038281,
      "status": "ok"
    },
    {
      "window": 2048,
      "s_per_step": 22.77197172951128,
      "speedup_vs_full": 1.3754296426129218,
      "peak_gib": 4.33034785836935,
      "ms_ssim_vs_full": 0.21886918794961624,
      "status": "ok"
    },
    {
      "window": 1024,
      "s_per_step": 21.862133978997008,
      "speedup_vs_full": 1.4326709811404337,
      "peak_gib": 4.33034785836935,
      "ms_ssim_vs_full": 0.22175263512281723,
      "status": "ok"
    }
  ],
  "notes": "Sequence is a flattened (frame \u00d7 H \u00d7 W) grid; 1D window is a crude receptive field. Low MS-SSIM likely needs a 3D-aware local window, not abandoning the idea."
}
